Designação,link para a imagem
1-1, https://cdn.shopify.com/s/files/1/0541/2087/4183/files/1-1.jpg?v=1641984114
1-A, https://cdn.shopify.com/s/files/1/0541/2087/4183/files/1-A.jpg?v=1641984150
2-C, https://cdn.shopify.com/s/files/1/0541/2087/4183/files/2-C.jpg?v=1641984509
3-B2, https://cdn.shopify.com/s/files/1/0541/2087/4183/files/3-B2.jpg?v=1641984583
6-B1, https://cdn.shopify.com/s/files/1/0541/2087/4183/files/6-B1.jpg?v=1641984649
4-E, https://cdn.shopify.com/s/files/1/0541/2087/4183/files/4-E.jpg?v=1641984770
8-F, https://cdn.shopify.com/s/files/1/0541/2087/4183/files/8-F.jpg?v=1641984898
12-B8, https://cdn.shopify.com/s/files/1/0541/2087/4183/files/12-B8.jpg?v=1641984968
10-B7, https://cdn.shopify.com/s/files/1/0541/2087/4183/files/10-B7.jpg?v=1641985080
7-B3, https://cdn.shopify.com/s/files/1/0541/2087/4183/files/7-B3.jpg?v=1641985180
6-BA, https://cdn.shopify.com/s/files/1/0541/2087/4183/files/6-BA.jpg?v=1641985257
11-B4, https://cdn.shopify.com/s/files/1/0541/2087/4183/files/11-B4.jpg?v=1641985316
9-H, https://cdn.shopify.com/s/files/1/0541/2087/4183/files/9-H.jpg?v=1641985396
5-D, https://cdn.shopify.com/s/files/1/0541/2087/4183/files/5-D.jpg?v=1641985602
